"ds","COVID_Predicted","Influenza_Predicted","Facility"
2024-06-01,0,0,"Seattle Childrens"
2024-06-02,0,0,"Seattle Childrens"
2024-06-03,0,0,"Seattle Childrens"
2024-06-04,0,0,"Seattle Childrens"
2024-06-05,0,0,"Seattle Childrens"
2024-06-06,0,0,"Seattle Childrens"
2024-06-07,0,0,"Seattle Childrens"
2024-06-01,2,0,"Legacy Salmon Creek Medical Center"
2024-06-02,2,0,"Legacy Salmon Creek Medical Center"
2024-06-03,2,0,"Legacy Salmon Creek Medical Center"
2024-06-04,2,0,"Legacy Salmon Creek Medical Center"
2024-06-05,2,0,"Legacy Salmon Creek Medical Center"
2024-06-06,2,0,"Legacy Salmon Creek Medical Center"
2024-06-07,2,0,"Legacy Salmon Creek Medical Center"
2024-06-01,0,0,"EvergreenHealth Monroe"
2024-06-02,0,0,"EvergreenHealth Monroe"
2024-06-03,0,0,"EvergreenHealth Monroe"
2024-06-04,0,0,"EvergreenHealth Monroe"
2024-06-05,0,0,"EvergreenHealth Monroe"
2024-06-06,0,0,"EvergreenHealth Monroe"
2024-06-07,0,0,"EvergreenHealth Monroe"
2024-06-01,0,0,"Shriners Hospitals for Children - Spokane"
2024-06-02,0,0,"Shriners Hospitals for Children - Spokane"
2024-06-03,0,0,"Shriners Hospitals for Children - Spokane"
2024-06-04,0,0,"Shriners Hospitals for Children - Spokane"
2024-06-05,0,0,"Shriners Hospitals for Children - Spokane"
2024-06-06,0,0,"Shriners Hospitals for Children - Spokane"
2024-06-07,0,0,"Shriners Hospitals for Children - Spokane"
2024-06-01,0,0,"Summit Pacific Medical Center"
2024-06-02,0,0,"Summit Pacific Medical Center"
2024-06-03,0,0,"Summit Pacific Medical Center"
2024-06-04,0,0,"Summit Pacific Medical Center"
2024-06-05,0,0,"Summit Pacific Medical Center"
2024-06-06,0,0,"Summit Pacific Medical Center"
2024-06-07,0,0,"Summit Pacific Medical Center"
2024-06-01,0,0,"Newport Hospital & Health Services"
2024-06-02,0,0,"Newport Hospital & Health Services"
2024-06-03,0,0,"Newport Hospital & Health Services"
2024-06-04,0,0,"Newport Hospital & Health Services"
2024-06-05,0,0,"Newport Hospital & Health Services"
2024-06-06,0,0,"Newport Hospital & Health Services"
2024-06-07,0,0,"Newport Hospital & Health Services"
2024-06-01,0,0,"Trios Southridge Hospital"
2024-06-02,0,0,"Trios Southridge Hospital"
2024-06-03,0,0,"Trios Southridge Hospital"
2024-06-04,0,0,"Trios Southridge Hospital"
2024-06-05,0,0,"Trios Southridge Hospital"
2024-06-06,0,0,"Trios Southridge Hospital"
2024-06-07,0,0,"Trios Southridge Hospital"
2024-06-01,2,0,"Providence St. Mary Medical Center"
2024-06-02,2,0,"Providence St. Mary Medical Center"
2024-06-03,2,0,"Providence St. Mary Medical Center"
2024-06-04,2,0,"Providence St. Mary Medical Center"
2024-06-05,2,0,"Providence St. Mary Medical Center"
2024-06-06,2,0,"Providence St. Mary Medical Center"
2024-06-07,2,0,"Providence St. Mary Medical Center"
2024-06-01,-1,0,"St. Lukes Rehabilitation Institute"
2024-06-02,-1,0,"St. Lukes Rehabilitation Institute"
2024-06-03,-1,0,"St. Lukes Rehabilitation Institute"
2024-06-04,-1,0,"St. Lukes Rehabilitation Institute"
2024-06-05,-1,0,"St. Lukes Rehabilitation Institute"
2024-06-06,-1,0,"St. Lukes Rehabilitation Institute"
2024-06-07,-1,0,"St. Lukes Rehabilitation Institute"
2024-06-01,0,0,"Providence Mt Carmel"
2024-06-02,0,0,"Providence Mt Carmel"
2024-06-03,0,0,"Providence Mt Carmel"
2024-06-04,0,0,"Providence Mt Carmel"
2024-06-05,0,0,"Providence Mt Carmel"
2024-06-06,0,0,"Providence Mt Carmel"
2024-06-07,0,0,"Providence Mt Carmel"
2024-06-01,0,0,"Providence Centralia Hospital"
2024-06-02,0,0,"Providence Centralia Hospital"
2024-06-03,0,0,"Providence Centralia Hospital"
2024-06-04,0,0,"Providence Centralia Hospital"
2024-06-05,0,0,"Providence Centralia Hospital"
2024-06-06,0,0,"Providence Centralia Hospital"
2024-06-07,0,0,"Providence Centralia Hospital"
2024-06-01,1,0,"Kadlec Regional Medical Center"
2024-06-02,1,0,"Kadlec Regional Medical Center"
2024-06-03,1,0,"Kadlec Regional Medical Center"
2024-06-04,1,0,"Kadlec Regional Medical Center"
2024-06-05,1,0,"Kadlec Regional Medical Center"
2024-06-06,1,0,"Kadlec Regional Medical Center"
2024-06-07,1,0,"Kadlec Regional Medical Center"
2024-06-01,0,0,"Providence St. Josephs"
2024-06-02,0,0,"Providence St. Josephs"
2024-06-03,0,0,"Providence St. Josephs"
2024-06-04,0,0,"Providence St. Josephs"
2024-06-05,0,0,"Providence St. Josephs"
2024-06-06,0,0,"Providence St. Josephs"
2024-06-07,0,0,"Providence St. Josephs"
2024-06-01,2,0,"Providence Holy Family Hospital"
2024-06-02,2,0,"Providence Holy Family Hospital"
2024-06-03,2,0,"Providence Holy Family Hospital"
2024-06-04,2,0,"Providence Holy Family Hospital"
2024-06-05,2,0,"Providence Holy Family Hospital"
2024-06-06,2,0,"Providence Holy Family Hospital"
2024-06-07,2,0,"Providence Holy Family Hospital"
2024-06-01,1,0,"Swedish Issaquah"
2024-06-02,1,0,"Swedish Issaquah"
2024-06-03,1,0,"Swedish Issaquah"
2024-06-04,1,0,"Swedish Issaquah"
2024-06-05,1,0,"Swedish Issaquah"
2024-06-06,1,0,"Swedish Issaquah"
2024-06-07,1,0,"Swedish Issaquah"
2024-06-01,5,0,"Swedish Edmonds"
2024-06-02,5,0,"Swedish Edmonds"
2024-06-03,5,0,"Swedish Edmonds"
2024-06-04,5,0,"Swedish Edmonds"
2024-06-05,5,0,"Swedish Edmonds"
2024-06-06,5,0,"Swedish Edmonds"
2024-06-07,5,0,"Swedish Edmonds"
2024-06-01,1,0,"Swedish Cherry Hill"
2024-06-02,1,0,"Swedish Cherry Hill"
2024-06-03,1,0,"Swedish Cherry Hill"
2024-06-04,1,0,"Swedish Cherry Hill"
2024-06-05,1,0,"Swedish Cherry Hill"
2024-06-06,1,0,"Swedish Cherry Hill"
2024-06-07,1,0,"Swedish Cherry Hill"
2024-06-01,0,0,"Swedish Ballard"
2024-06-02,0,0,"Swedish Ballard"
2024-06-03,0,0,"Swedish Ballard"
2024-06-04,0,0,"Swedish Ballard"
2024-06-05,0,0,"Swedish Ballard"
2024-06-06,0,0,"Swedish Ballard"
2024-06-07,0,0,"Swedish Ballard"
2024-06-01,1,0,"Providence St. Peter Hospital"
2024-06-02,1,0,"Providence St. Peter Hospital"
2024-06-03,1,0,"Providence St. Peter Hospital"
2024-06-04,1,0,"Providence St. Peter Hospital"
2024-06-05,1,0,"Providence St. Peter Hospital"
2024-06-06,1,0,"Providence St. Peter Hospital"
2024-06-07,1,0,"Providence St. Peter Hospital"
2024-06-01,5,0,"Swedish First Hill"
2024-06-02,5,0,"Swedish First Hill"
2024-06-03,5,0,"Swedish First Hill"
2024-06-04,5,0,"Swedish First Hill"
2024-06-05,5,0,"Swedish First Hill"
2024-06-06,5,0,"Swedish First Hill"
2024-06-07,5,0,"Swedish First Hill"
2024-06-01,1,0,"Providence Sacred Heart Medical Center & Childrens Hospital"
2024-06-02,1,0,"Providence Sacred Heart Medical Center & Childrens Hospital"
2024-06-03,1,0,"Providence Sacred Heart Medical Center & Childrens Hospital"
2024-06-04,1,0,"Providence Sacred Heart Medical Center & Childrens Hospital"
2024-06-05,1,0,"Providence Sacred Heart Medical Center & Childrens Hospital"
2024-06-06,1,0,"Providence Sacred Heart Medical Center & Childrens Hospital"
2024-06-07,1,0,"Providence Sacred Heart Medical Center & Childrens Hospital"
2024-06-01,7,0,"Providence Regional Medical Center Everett"
2024-06-02,7,0,"Providence Regional Medical Center Everett"
2024-06-03,7,0,"Providence Regional Medical Center Everett"
2024-06-04,7,0,"Providence Regional Medical Center Everett"
2024-06-05,7,0,"Providence Regional Medical Center Everett"
2024-06-06,7,0,"Providence Regional Medical Center Everett"
2024-06-07,7,0,"Providence Regional Medical Center Everett"
2024-06-01,0,0,"Skagit Valley Hospital"
2024-06-02,0,0,"Skagit Valley Hospital"
2024-06-03,0,0,"Skagit Valley Hospital"
2024-06-04,0,0,"Skagit Valley Hospital"
2024-06-05,0,0,"Skagit Valley Hospital"
2024-06-06,0,0,"Skagit Valley Hospital"
2024-06-07,0,0,"Skagit Valley Hospital"
2024-06-01,0,0,"Cascade Valley Hospital and Clinics"
2024-06-02,0,0,"Cascade Valley Hospital and Clinics"
2024-06-03,0,0,"Cascade Valley Hospital and Clinics"
2024-06-04,0,0,"Cascade Valley Hospital and Clinics"
2024-06-05,0,0,"Cascade Valley Hospital and Clinics"
2024-06-06,0,0,"Cascade Valley Hospital and Clinics"
2024-06-07,0,0,"Cascade Valley Hospital and Clinics"
2024-06-01,0,0,"Kittitas Valley Healthcare"
2024-06-02,0,0,"Kittitas Valley Healthcare"
2024-06-03,0,0,"Kittitas Valley Healthcare"
2024-06-04,0,0,"Kittitas Valley Healthcare"
2024-06-05,0,0,"Kittitas Valley Healthcare"
2024-06-06,0,0,"Kittitas Valley Healthcare"
2024-06-07,0,0,"Kittitas Valley Healthcare"
2024-06-01,0,0,"Tri-State Memorial Hospital"
2024-06-02,0,0,"Tri-State Memorial Hospital"
2024-06-03,0,0,"Tri-State Memorial Hospital"
2024-06-04,0,0,"Tri-State Memorial Hospital"
2024-06-05,0,0,"Tri-State Memorial Hospital"
2024-06-06,0,0,"Tri-State Memorial Hospital"
2024-06-07,0,0,"Tri-State Memorial Hospital"
2024-06-01,1,0,"MultiCare Valley Hospital"
2024-06-02,1,0,"MultiCare Valley Hospital"
2024-06-03,1,0,"MultiCare Valley Hospital"
2024-06-04,1,0,"MultiCare Valley Hospital"
2024-06-05,1,0,"MultiCare Valley Hospital"
2024-06-06,1,0,"MultiCare Valley Hospital"
2024-06-07,1,0,"MultiCare Valley Hospital"
2024-06-01,4,0,"MultiCare Tacoma General Hospital"
2024-06-02,4,0,"MultiCare Tacoma General Hospital"
2024-06-03,4,0,"MultiCare Tacoma General Hospital"
2024-06-04,4,0,"MultiCare Tacoma General Hospital"
2024-06-05,4,0,"MultiCare Tacoma General Hospital"
2024-06-06,4,0,"MultiCare Tacoma General Hospital"
2024-06-07,4,0,"MultiCare Tacoma General Hospital"
2024-06-01,0,0,"MultiCare Mary Bridge Childrens Hospital and Health Network"
2024-06-02,0,0,"MultiCare Mary Bridge Childrens Hospital and Health Network"
2024-06-03,0,0,"MultiCare Mary Bridge Childrens Hospital and Health Network"
2024-06-04,0,0,"MultiCare Mary Bridge Childrens Hospital and Health Network"
2024-06-05,0,0,"MultiCare Mary Bridge Childrens Hospital and Health Network"
2024-06-06,0,0,"MultiCare Mary Bridge Childrens Hospital and Health Network"
2024-06-07,0,0,"MultiCare Mary Bridge Childrens Hospital and Health Network"
2024-06-01,3,0,"MultiCare Good Samaritan Hospital"
2024-06-02,3,0,"MultiCare Good Samaritan Hospital"
2024-06-03,3,0,"MultiCare Good Samaritan Hospital"
2024-06-04,3,0,"MultiCare Good Samaritan Hospital"
2024-06-05,3,0,"MultiCare Good Samaritan Hospital"
2024-06-06,3,0,"MultiCare Good Samaritan Hospital"
2024-06-07,3,0,"MultiCare Good Samaritan Hospital"
2024-06-01,0,0,"MultiCare Deaconess Hospital"
2024-06-02,0,0,"MultiCare Deaconess Hospital"
2024-06-03,0,0,"MultiCare Deaconess Hospital"
2024-06-04,0,0,"MultiCare Deaconess Hospital"
2024-06-05,0,0,"MultiCare Deaconess Hospital"
2024-06-06,0,0,"MultiCare Deaconess Hospital"
2024-06-07,0,0,"MultiCare Deaconess Hospital"
2024-06-01,0,0,"MultiCare Covington Medical Center"
2024-06-02,0,0,"MultiCare Covington Medical Center"
2024-06-03,0,0,"MultiCare Covington Medical Center"
2024-06-04,0,0,"MultiCare Covington Medical Center"
2024-06-05,0,0,"MultiCare Covington Medical Center"
2024-06-06,0,0,"MultiCare Covington Medical Center"
2024-06-07,0,0,"MultiCare Covington Medical Center"
2024-06-01,0,0,"MultiCare Capital Medical Center"
2024-06-02,0,0,"MultiCare Capital Medical Center"
2024-06-03,0,0,"MultiCare Capital Medical Center"
2024-06-04,0,0,"MultiCare Capital Medical Center"
2024-06-05,0,0,"MultiCare Capital Medical Center"
2024-06-06,0,0,"MultiCare Capital Medical Center"
2024-06-07,0,0,"MultiCare Capital Medical Center"
2024-06-01,0,0,"MultiCare Auburn Medical Center"
2024-06-02,0,0,"MultiCare Auburn Medical Center"
2024-06-03,0,0,"MultiCare Auburn Medical Center"
2024-06-04,0,0,"MultiCare Auburn Medical Center"
2024-06-05,0,0,"MultiCare Auburn Medical Center"
2024-06-06,0,0,"MultiCare Auburn Medical Center"
2024-06-07,0,0,"MultiCare Auburn Medical Center"
2024-06-01,0,0,"MultiCare Allenmore Hospital"
2024-06-02,0,0,"MultiCare Allenmore Hospital"
2024-06-03,0,0,"MultiCare Allenmore Hospital"
2024-06-04,0,0,"MultiCare Allenmore Hospital"
2024-06-05,0,0,"MultiCare Allenmore Hospital"
2024-06-06,0,0,"MultiCare Allenmore Hospital"
2024-06-07,0,0,"MultiCare Allenmore Hospital"
2024-06-01,0,0,"Lincoln Hospital"
2024-06-02,0,0,"Lincoln Hospital"
2024-06-03,0,0,"Lincoln Hospital"
2024-06-04,0,0,"Lincoln Hospital"
2024-06-05,0,0,"Lincoln Hospital"
2024-06-06,0,0,"Lincoln Hospital"
2024-06-07,0,0,"Lincoln Hospital"
2024-06-01,0,-1,"PeaceHealth United General Medical Center"
2024-06-02,0,-1,"PeaceHealth United General Medical Center"
2024-06-03,0,-1,"PeaceHealth United General Medical Center"
2024-06-04,0,-1,"PeaceHealth United General Medical Center"
2024-06-05,0,-1,"PeaceHealth United General Medical Center"
2024-06-06,0,-1,"PeaceHealth United General Medical Center"
2024-06-07,0,-1,"PeaceHealth United General Medical Center"
2024-06-01,5,-1,"PeaceHealth St. Joseph Medical Center"
2024-06-02,5,0,"PeaceHealth St. Joseph Medical Center"
2024-06-03,5,0,"PeaceHealth St. Joseph Medical Center"
2024-06-04,5,0,"PeaceHealth St. Joseph Medical Center"
2024-06-05,5,0,"PeaceHealth St. Joseph Medical Center"
2024-06-06,5,-1,"PeaceHealth St. Joseph Medical Center"
2024-06-07,5,0,"PeaceHealth St. Joseph Medical Center"
2024-06-01,0,-1,"PeaceHealth St. John Medical Center"
2024-06-02,0,-1,"PeaceHealth St. John Medical Center"
2024-06-03,0,-1,"PeaceHealth St. John Medical Center"
2024-06-04,0,-1,"PeaceHealth St. John Medical Center"
2024-06-05,0,-1,"PeaceHealth St. John Medical Center"
2024-06-06,0,-1,"PeaceHealth St. John Medical Center"
2024-06-07,0,-1,"PeaceHealth St. John Medical Center"
2024-06-01,4,0,"PeaceHealth Southwest Medical Center"
2024-06-02,4,0,"PeaceHealth Southwest Medical Center"
2024-06-03,4,0,"PeaceHealth Southwest Medical Center"
2024-06-04,4,0,"PeaceHealth Southwest Medical Center"
2024-06-05,4,0,"PeaceHealth Southwest Medical Center"
2024-06-06,4,0,"PeaceHealth Southwest Medical Center"
2024-06-07,4,0,"PeaceHealth Southwest Medical Center"
2024-06-01,-1,0,"PeaceHealth Peace Island Medical Center"
2024-06-02,-1,0,"PeaceHealth Peace Island Medical Center"
2024-06-03,-1,-1,"PeaceHealth Peace Island Medical Center"
2024-06-04,-1,-1,"PeaceHealth Peace Island Medical Center"
2024-06-05,-1,-1,"PeaceHealth Peace Island Medical Center"
2024-06-06,-1,-1,"PeaceHealth Peace Island Medical Center"
2024-06-07,-1,0,"PeaceHealth Peace Island Medical Center"
2024-06-01,0,0,"Snoqualmie Valley Hospital"
2024-06-02,0,0,"Snoqualmie Valley Hospital"
2024-06-03,0,0,"Snoqualmie Valley Hospital"
2024-06-04,0,0,"Snoqualmie Valley Hospital"
2024-06-05,0,0,"Snoqualmie Valley Hospital"
2024-06-06,0,0,"Snoqualmie Valley Hospital"
2024-06-07,0,0,"Snoqualmie Valley Hospital"
2024-06-01,0,-1,"VIRGINIA MASON DOWNTOWN MEDICAL CENTER"
2024-06-02,0,-1,"VIRGINIA MASON DOWNTOWN MEDICAL CENTER"
2024-06-03,0,0,"VIRGINIA MASON DOWNTOWN MEDICAL CENTER"
2024-06-04,0,-1,"VIRGINIA MASON DOWNTOWN MEDICAL CENTER"
2024-06-05,0,-1,"VIRGINIA MASON DOWNTOWN MEDICAL CENTER"
2024-06-06,0,0,"VIRGINIA MASON DOWNTOWN MEDICAL CENTER"
2024-06-07,0,0,"VIRGINIA MASON DOWNTOWN MEDICAL CENTER"
2024-06-01,2,0,"Franciscan Health St. Michael Medical Center Silverdale"
2024-06-02,2,0,"Franciscan Health St. Michael Medical Center Silverdale"
2024-06-03,2,0,"Franciscan Health St. Michael Medical Center Silverdale"
2024-06-04,2,0,"Franciscan Health St. Michael Medical Center Silverdale"
2024-06-05,2,0,"Franciscan Health St. Michael Medical Center Silverdale"
2024-06-06,2,0,"Franciscan Health St. Michael Medical Center Silverdale"
2024-06-07,2,0,"Franciscan Health St. Michael Medical Center Silverdale"
2024-06-01,-1,0,"Franciscan Health St. Joseph Medical Center"
2024-06-02,-1,0,"Franciscan Health St. Joseph Medical Center"
2024-06-03,-1,0,"Franciscan Health St. Joseph Medical Center"
2024-06-04,-1,0,"Franciscan Health St. Joseph Medical Center"
2024-06-05,-1,0,"Franciscan Health St. Joseph Medical Center"
2024-06-06,-1,0,"Franciscan Health St. Joseph Medical Center"
2024-06-07,-1,0,"Franciscan Health St. Joseph Medical Center"
2024-06-01,1,0,"Franciscan Health St. Francis Hospital"
2024-06-02,1,0,"Franciscan Health St. Francis Hospital"
2024-06-03,1,0,"Franciscan Health St. Francis Hospital"
2024-06-04,1,0,"Franciscan Health St. Francis Hospital"
2024-06-05,1,0,"Franciscan Health St. Francis Hospital"
2024-06-06,1,0,"Franciscan Health St. Francis Hospital"
2024-06-07,1,0,"Franciscan Health St. Francis Hospital"
2024-06-01,0,0,"Lake Chelan Community Hospital & Clinics"
2024-06-02,0,0,"Lake Chelan Community Hospital & Clinics"
2024-06-03,0,0,"Lake Chelan Community Hospital & Clinics"
2024-06-04,0,0,"Lake Chelan Community Hospital & Clinics"
2024-06-05,0,0,"Lake Chelan Community Hospital & Clinics"
2024-06-06,0,0,"Lake Chelan Community Hospital & Clinics"
2024-06-07,0,0,"Lake Chelan Community Hospital & Clinics"
2024-06-01,0,0,"Franciscan Health St. Elizabeth Hospital"
2024-06-02,0,0,"Franciscan Health St. Elizabeth Hospital"
2024-06-03,0,0,"Franciscan Health St. Elizabeth Hospital"
2024-06-04,0,0,"Franciscan Health St. Elizabeth Hospital"
2024-06-05,0,0,"Franciscan Health St. Elizabeth Hospital"
2024-06-06,0,0,"Franciscan Health St. Elizabeth Hospital"
2024-06-07,0,0,"Franciscan Health St. Elizabeth Hospital"
2024-06-01,2,0,"Franciscan Health St. Clare Hospital"
2024-06-02,2,0,"Franciscan Health St. Clare Hospital"
2024-06-03,2,0,"Franciscan Health St. Clare Hospital"
2024-06-04,1,0,"Franciscan Health St. Clare Hospital"
2024-06-05,1,0,"Franciscan Health St. Clare Hospital"
2024-06-06,1,0,"Franciscan Health St. Clare Hospital"
2024-06-07,1,0,"Franciscan Health St. Clare Hospital"
2024-06-01,0,0,"Franciscan Health St. Anne Hospital"
2024-06-02,0,0,"Franciscan Health St. Anne Hospital"
2024-06-03,0,0,"Franciscan Health St. Anne Hospital"
2024-06-04,0,0,"Franciscan Health St. Anne Hospital"
2024-06-05,0,0,"Franciscan Health St. Anne Hospital"
2024-06-06,0,0,"Franciscan Health St. Anne Hospital"
2024-06-07,0,0,"Franciscan Health St. Anne Hospital"
2024-06-01,0,0,"Franciscan Health St. Anthony Hospital"
2024-06-02,0,0,"Franciscan Health St. Anthony Hospital"
2024-06-03,0,0,"Franciscan Health St. Anthony Hospital"
2024-06-04,0,0,"Franciscan Health St. Anthony Hospital"
2024-06-05,0,0,"Franciscan Health St. Anthony Hospital"
2024-06-06,0,0,"Franciscan Health St. Anthony Hospital"
2024-06-07,0,0,"Franciscan Health St. Anthony Hospital"
2024-06-01,0,0,"Lourdes Medical Center"
2024-06-02,0,0,"Lourdes Medical Center"
2024-06-03,0,0,"Lourdes Medical Center"
2024-06-04,0,0,"Lourdes Medical Center"
2024-06-05,0,0,"Lourdes Medical Center"
2024-06-06,0,0,"Lourdes Medical Center"
2024-06-07,0,0,"Lourdes Medical Center"
2024-06-01,5,0,"UW Medical Center - Northwest"
2024-06-02,5,0,"UW Medical Center - Northwest"
2024-06-03,5,0,"UW Medical Center - Northwest"
2024-06-04,5,0,"UW Medical Center - Northwest"
2024-06-05,5,0,"UW Medical Center - Northwest"
2024-06-06,5,0,"UW Medical Center - Northwest"
2024-06-07,5,0,"UW Medical Center - Northwest"
2024-06-01,3,0,"UW Medical Center - Montlake"
2024-06-02,3,0,"UW Medical Center - Montlake"
2024-06-03,3,0,"UW Medical Center - Montlake"
2024-06-04,3,0,"UW Medical Center - Montlake"
2024-06-05,3,0,"UW Medical Center - Montlake"
2024-06-06,3,0,"UW Medical Center - Montlake"
2024-06-07,3,0,"UW Medical Center - Montlake"
2024-06-01,1,0,"Confluence Health Hospital Central Campus"
2024-06-02,1,0,"Confluence Health Hospital Central Campus"
2024-06-03,1,0,"Confluence Health Hospital Central Campus"
2024-06-04,1,0,"Confluence Health Hospital Central Campus"
2024-06-05,1,0,"Confluence Health Hospital Central Campus"
2024-06-06,1,0,"Confluence Health Hospital Central Campus"
2024-06-07,1,0,"Confluence Health Hospital Central Campus"
2024-06-01,0,0,"Mid-Valley Hospital"
2024-06-02,0,0,"Mid-Valley Hospital"
2024-06-03,0,0,"Mid-Valley Hospital"
2024-06-04,0,0,"Mid-Valley Hospital"
2024-06-05,0,0,"Mid-Valley Hospital"
2024-06-06,0,0,"Mid-Valley Hospital"
2024-06-07,0,0,"Mid-Valley Hospital"
2024-06-01,6,0,"Harborview Medical Center"
2024-06-02,6,0,"Harborview Medical Center"
2024-06-03,6,0,"Harborview Medical Center"
2024-06-04,6,0,"Harborview Medical Center"
2024-06-05,6,0,"Harborview Medical Center"
2024-06-06,6,0,"Harborview Medical Center"
2024-06-07,6,0,"Harborview Medical Center"
2024-06-01,0,0,"Olympic Medical Center"
2024-06-02,0,0,"Olympic Medical Center"
2024-06-03,0,0,"Olympic Medical Center"
2024-06-04,0,0,"Olympic Medical Center"
2024-06-05,0,0,"Olympic Medical Center"
2024-06-06,0,0,"Olympic Medical Center"
2024-06-07,0,0,"Olympic Medical Center"
2024-06-01,0,0,"Three Rivers Hospital"
2024-06-02,0,0,"Three Rivers Hospital"
2024-06-03,0,0,"Three Rivers Hospital"
2024-06-04,0,0,"Three Rivers Hospital"
2024-06-05,0,0,"Three Rivers Hospital"
2024-06-06,0,0,"Three Rivers Hospital"
2024-06-07,0,0,"Three Rivers Hospital"
2024-06-01,0,0,"Coulee Medical Center"
2024-06-02,0,0,"Coulee Medical Center"
2024-06-03,0,0,"Coulee Medical Center"
2024-06-04,0,0,"Coulee Medical Center"
2024-06-05,0,0,"Coulee Medical Center"
2024-06-06,0,0,"Coulee Medical Center"
2024-06-07,0,0,"Coulee Medical Center"
2024-06-01,0,0,"Prosser Memorial Hospital"
2024-06-02,0,0,"Prosser Memorial Hospital"
2024-06-03,0,0,"Prosser Memorial Hospital"
2024-06-04,0,0,"Prosser Memorial Hospital"
2024-06-05,0,0,"Prosser Memorial Hospital"
2024-06-06,0,0,"Prosser Memorial Hospital"
2024-06-07,0,0,"Prosser Memorial Hospital"
2024-06-01,0,0,"Forks Community Hospital"
2024-06-02,0,0,"Forks Community Hospital"
2024-06-03,0,0,"Forks Community Hospital"
2024-06-04,0,0,"Forks Community Hospital"
2024-06-05,0,0,"Forks Community Hospital"
2024-06-06,0,0,"Forks Community Hospital"
2024-06-07,0,0,"Forks Community Hospital"
2024-06-01,0,0,"Kaiser Permanente Central Hospital"
2024-06-02,0,0,"Kaiser Permanente Central Hospital"
2024-06-03,0,0,"Kaiser Permanente Central Hospital"
2024-06-04,0,0,"Kaiser Permanente Central Hospital"
2024-06-05,0,0,"Kaiser Permanente Central Hospital"
2024-06-06,0,0,"Kaiser Permanente Central Hospital"
2024-06-07,0,0,"Kaiser Permanente Central Hospital"
2024-06-01,0,0,"Ocean Beach Hospital"
2024-06-02,0,0,"Ocean Beach Hospital"
2024-06-03,0,0,"Ocean Beach Hospital"
2024-06-04,0,0,"Ocean Beach Hospital"
2024-06-05,0,0,"Ocean Beach Hospital"
2024-06-06,0,0,"Ocean Beach Hospital"
2024-06-07,0,0,"Ocean Beach Hospital"
2024-06-01,0,0,"Quincy Valley Medical Center"
2024-06-02,0,0,"Quincy Valley Medical Center"
2024-06-03,0,0,"Quincy Valley Medical Center"
2024-06-04,0,0,"Quincy Valley Medical Center"
2024-06-05,0,0,"Quincy Valley Medical Center"
2024-06-06,0,0,"Quincy Valley Medical Center"
2024-06-07,0,0,"Quincy Valley Medical Center"
2024-06-01,0,0,"Confluence Health Hospital Mares Campus"
2024-06-02,0,0,"Confluence Health Hospital Mares Campus"
2024-06-03,0,0,"Confluence Health Hospital Mares Campus"
2024-06-04,0,0,"Confluence Health Hospital Mares Campus"
2024-06-05,0,0,"Confluence Health Hospital Mares Campus"
2024-06-06,0,0,"Confluence Health Hospital Mares Campus"
2024-06-07,0,0,"Confluence Health Hospital Mares Campus"
2024-06-01,0,0,"Odessa Memorial Healthcare Center"
2024-06-02,0,0,"Odessa Memorial Healthcare Center"
2024-06-03,0,0,"Odessa Memorial Healthcare Center"
2024-06-04,0,0,"Odessa Memorial Healthcare Center"
2024-06-05,0,0,"Odessa Memorial Healthcare Center"
2024-06-06,0,0,"Odessa Memorial Healthcare Center"
2024-06-07,0,0,"Odessa Memorial Healthcare Center"
2024-06-01,0,0,"Columbia Basin Hospital"
2024-06-02,0,0,"Columbia Basin Hospital"
2024-06-03,0,0,"Columbia Basin Hospital"
2024-06-04,0,0,"Columbia Basin Hospital"
2024-06-05,0,0,"Columbia Basin Hospital"
2024-06-06,0,0,"Columbia Basin Hospital"
2024-06-07,0,0,"Columbia Basin Hospital"
2024-06-01,0,0,"Astria Sunnyside Hospital"
2024-06-02,0,0,"Astria Sunnyside Hospital"
2024-06-03,0,0,"Astria Sunnyside Hospital"
2024-06-04,0,0,"Astria Sunnyside Hospital"
2024-06-05,0,0,"Astria Sunnyside Hospital"
2024-06-06,0,0,"Astria Sunnyside Hospital"
2024-06-07,0,0,"Astria Sunnyside Hospital"
2024-06-01,0,0,"Astria Toppenish Hospital"
2024-06-02,0,0,"Astria Toppenish Hospital"
2024-06-03,0,0,"Astria Toppenish Hospital"
2024-06-04,0,0,"Astria Toppenish Hospital"
2024-06-05,0,0,"Astria Toppenish Hospital"
2024-06-06,0,0,"Astria Toppenish Hospital"
2024-06-07,0,0,"Astria Toppenish Hospital"
2024-06-01,0,0,"Mason Health"
2024-06-02,0,0,"Mason Health"
2024-06-03,0,0,"Mason Health"
2024-06-04,0,0,"Mason Health"
2024-06-05,0,0,"Mason Health"
2024-06-06,0,0,"Mason Health"
2024-06-07,0,0,"Mason Health"
2024-06-01,0,0,"Harbor Regional Health"
2024-06-02,0,0,"Harbor Regional Health"
2024-06-03,0,0,"Harbor Regional Health"
2024-06-04,0,0,"Harbor Regional Health"
2024-06-05,0,0,"Harbor Regional Health"
2024-06-06,0,0,"Harbor Regional Health"
2024-06-07,0,0,"Harbor Regional Health"
2024-06-01,0,0,"Samaritan Healthcare"
2024-06-02,0,0,"Samaritan Healthcare"
2024-06-03,0,0,"Samaritan Healthcare"
2024-06-04,0,0,"Samaritan Healthcare"
2024-06-05,0,0,"Samaritan Healthcare"
2024-06-06,0,0,"Samaritan Healthcare"
2024-06-07,0,0,"Samaritan Healthcare"
2024-06-01,3,0,"EvergreenHealth"
2024-06-02,3,0,"EvergreenHealth"
2024-06-03,3,0,"EvergreenHealth"
2024-06-04,3,0,"EvergreenHealth"
2024-06-05,3,0,"EvergreenHealth"
2024-06-06,3,0,"EvergreenHealth"
2024-06-07,3,0,"EvergreenHealth"
2024-06-01,0,0,"Cascade Medical"
2024-06-02,0,0,"Cascade Medical"
2024-06-03,0,0,"Cascade Medical"
2024-06-04,0,0,"Cascade Medical"
2024-06-05,0,0,"Cascade Medical"
2024-06-06,0,0,"Cascade Medical"
2024-06-07,0,0,"Cascade Medical"
2024-06-01,0,0,"Arbor Health"
2024-06-02,0,0,"Arbor Health"
2024-06-03,0,0,"Arbor Health"
2024-06-04,0,0,"Arbor Health"
2024-06-05,0,0,"Arbor Health"
2024-06-06,0,0,"Arbor Health"
2024-06-07,0,0,"Arbor Health"
2024-06-01,0,0,"North Valley Hospital"
2024-06-02,0,0,"North Valley Hospital"
2024-06-03,0,0,"North Valley Hospital"
2024-06-04,0,0,"North Valley Hospital"
2024-06-05,0,0,"North Valley Hospital"
2024-06-06,0,0,"North Valley Hospital"
2024-06-07,0,0,"North Valley Hospital"
2024-06-01,0,-1,"Pullman Regional Hospital"
2024-06-02,0,-1,"Pullman Regional Hospital"
2024-06-03,0,-1,"Pullman Regional Hospital"
2024-06-04,0,-1,"Pullman Regional Hospital"
2024-06-05,0,-1,"Pullman Regional Hospital"
2024-06-06,0,-1,"Pullman Regional Hospital"
2024-06-07,0,-1,"Pullman Regional Hospital"
2024-06-01,0,0,"Skyline Hospital"
2024-06-02,0,0,"Skyline Hospital"
2024-06-03,0,0,"Skyline Hospital"
2024-06-04,0,0,"Skyline Hospital"
2024-06-05,0,0,"Skyline Hospital"
2024-06-06,0,0,"Skyline Hospital"
2024-06-07,0,0,"Skyline Hospital"
2024-06-01,0,0,"Othello Community Hospital"
2024-06-02,0,0,"Othello Community Hospital"
2024-06-03,0,0,"Othello Community Hospital"
2024-06-04,0,0,"Othello Community Hospital"
2024-06-05,0,0,"Othello Community Hospital"
2024-06-06,0,0,"Othello Community Hospital"
2024-06-07,0,0,"Othello Community Hospital"
2024-06-01,0,0,"WhidbeyHealth"
2024-06-02,0,0,"WhidbeyHealth"
2024-06-03,0,0,"WhidbeyHealth"
2024-06-04,0,0,"WhidbeyHealth"
2024-06-05,0,0,"WhidbeyHealth"
2024-06-06,0,0,"WhidbeyHealth"
2024-06-07,0,0,"WhidbeyHealth"
2024-06-01,0,-1,"Klickitat Valley Health"
2024-06-02,0,-1,"Klickitat Valley Health"
2024-06-03,0,0,"Klickitat Valley Health"
2024-06-04,0,0,"Klickitat Valley Health"
2024-06-05,0,-1,"Klickitat Valley Health"
2024-06-06,0,-1,"Klickitat Valley Health"
2024-06-07,0,-1,"Klickitat Valley Health"
2024-06-01,0,0,"Columbia County Health System"
2024-06-02,0,0,"Columbia County Health System"
2024-06-03,0,0,"Columbia County Health System"
2024-06-04,0,0,"Columbia County Health System"
2024-06-05,0,0,"Columbia County Health System"
2024-06-06,0,0,"Columbia County Health System"
2024-06-07,0,0,"Columbia County Health System"
2024-06-01,0,0,"Yakima Valley Memorial"
2024-06-02,0,0,"Yakima Valley Memorial"
2024-06-03,0,0,"Yakima Valley Memorial"
2024-06-04,0,0,"Yakima Valley Memorial"
2024-06-05,0,0,"Yakima Valley Memorial"
2024-06-06,0,0,"Yakima Valley Memorial"
2024-06-07,0,0,"Yakima Valley Memorial"
2024-06-01,0,0,"Island Hospital"
2024-06-02,0,0,"Island Hospital"
2024-06-03,0,0,"Island Hospital"
2024-06-04,0,0,"Island Hospital"
2024-06-05,0,0,"Island Hospital"
2024-06-06,0,0,"Island Hospital"
2024-06-07,0,0,"Island Hospital"
2024-06-01,0,0,"Willapa Harbor Hospital"
2024-06-02,0,0,"Willapa Harbor Hospital"
2024-06-03,0,0,"Willapa Harbor Hospital"
2024-06-04,0,0,"Willapa Harbor Hospital"
2024-06-05,0,0,"Willapa Harbor Hospital"
2024-06-06,0,0,"Willapa Harbor Hospital"
2024-06-07,0,0,"Willapa Harbor Hospital"
2024-06-01,3,0,"Valley Medical Center"
2024-06-02,3,0,"Valley Medical Center"
2024-06-03,3,0,"Valley Medical Center"
2024-06-04,3,0,"Valley Medical Center"
2024-06-05,3,0,"Valley Medical Center"
2024-06-06,3,0,"Valley Medical Center"
2024-06-07,3,0,"Valley Medical Center"
2024-06-01,0,0,"Whitman Hospital & Medical Clinics"
2024-06-02,0,0,"Whitman Hospital & Medical Clinics"
2024-06-03,0,0,"Whitman Hospital & Medical Clinics"
2024-06-04,0,0,"Whitman Hospital & Medical Clinics"
2024-06-05,0,0,"Whitman Hospital & Medical Clinics"
2024-06-06,0,0,"Whitman Hospital & Medical Clinics"
2024-06-07,0,0,"Whitman Hospital & Medical Clinics"
2024-06-01,0,0,"Jefferson Healthcare"
2024-06-02,0,0,"Jefferson Healthcare"
2024-06-03,0,0,"Jefferson Healthcare"
2024-06-04,0,0,"Jefferson Healthcare"
2024-06-05,0,0,"Jefferson Healthcare"
2024-06-06,0,0,"Jefferson Healthcare"
2024-06-07,0,0,"Jefferson Healthcare"
2024-06-01,-1,0,"Ferry County Memorial Hospital"
2024-06-02,-1,0,"Ferry County Memorial Hospital"
2024-06-03,-1,0,"Ferry County Memorial Hospital"
2024-06-04,-1,0,"Ferry County Memorial Hospital"
2024-06-05,-1,0,"Ferry County Memorial Hospital"
2024-06-06,-1,0,"Ferry County Memorial Hospital"
2024-06-07,-1,0,"Ferry County Memorial Hospital"
2024-06-01,0,0,"Fred Hutch Hospital at UWMC-Montlake"
2024-06-02,0,0,"Fred Hutch Hospital at UWMC-Montlake"
2024-06-03,0,0,"Fred Hutch Hospital at UWMC-Montlake"
2024-06-04,0,0,"Fred Hutch Hospital at UWMC-Montlake"
2024-06-05,0,0,"Fred Hutch Hospital at UWMC-Montlake"
2024-06-06,0,0,"Fred Hutch Hospital at UWMC-Montlake"
2024-06-07,0,0,"Fred Hutch Hospital at UWMC-Montlake"
2024-06-01,0,0,"East Adams Rural Healthcare"
2024-06-02,0,0,"East Adams Rural Healthcare"
2024-06-03,0,0,"East Adams Rural Healthcare"
2024-06-04,0,0,"East Adams Rural Healthcare"
2024-06-05,0,0,"East Adams Rural Healthcare"
2024-06-06,0,0,"East Adams Rural Healthcare"
2024-06-07,0,0,"East Adams Rural Healthcare"
2024-06-01,3,0,"Overlake Medical Center"
2024-06-02,3,0,"Overlake Medical Center"
2024-06-03,3,0,"Overlake Medical Center"
2024-06-04,3,0,"Overlake Medical Center"
2024-06-05,3,0,"Overlake Medical Center"
2024-06-06,3,0,"Overlake Medical Center"
2024-06-07,3,0,"Overlake Medical Center"
2024-06-01,0,0,"Garfield County Public Hospital District"
2024-06-02,0,0,"Garfield County Public Hospital District"
2024-06-03,0,0,"Garfield County Public Hospital District"
2024-06-04,0,0,"Garfield County Public Hospital District"
2024-06-05,0,0,"Garfield County Public Hospital District"
2024-06-06,0,0,"Garfield County Public Hospital District"
2024-06-07,0,0,"Garfield County Public Hospital District"
2024-06-01,12,2,"Ravi FHIR Hospital"
2024-06-02,12,2,"Ravi FHIR Hospital"
2024-06-03,12,2,"Ravi FHIR Hospital"
2024-06-04,12,2,"Ravi FHIR Hospital"
2024-06-05,12,2,"Ravi FHIR Hospital"
2024-06-06,12,2,"Ravi FHIR Hospital"
2024-06-07,12,2,"Ravi FHIR Hospital"
